root,leaf,n
(null),(null),732
arts_and_entertainment,art_gallery,396
arts_and_entertainment,music_venue,113
arts_and_entertainment,arts_and_entertainment,91
arts_and_entertainment,theatre_venue,61
arts_and_entertainment,dance_club,57
arts_and_entertainment,event_venue,50
arts_and_entertainment,museum,49
arts_and_entertainment,performing_arts_venue,49
arts_and_entertainment,movie_theater,37
arts_and_entertainment,history_museum,29
arts_and_entertainment,social_club,24
arts_and_entertainment,art_museum,20
arts_and_entertainment,comedy_club,18
arts_and_entertainment,adult_entertainment_venue,14
arts_and_entertainment,amusement_park,13
arts_and_entertainment,stadium_arena,13
arts_and_entertainment,karaoke_venue,12
arts_and_entertainment,psychic_advising,11
arts_and_entertainment,arcade,11
arts_and_entertainment,escape_room,11
arts_and_entertainment,festival_venue,10
arts_and_entertainment,auditorium,9
arts_and_entertainment,street_art,9
arts_and_entertainment,science_museum,9
arts_and_entertainment,astrological_advising,8
arts_and_entertainment,aquarium,8
arts_and_entertainment,jazz_and_blues_venue,7
arts_and_entertainment,choir,6
arts_and_entertainment,baseball_stadium,5
arts_and_entertainment,sculpture_statue,4
arts_and_entertainment,planetarium,4
arts_and_entertainment,childrens_museum,4
arts_and_entertainment,opera_and_ballet,4
arts_and_entertainment,strip_club,4
arts_and_entertainment,fairgrounds,3
arts_and_entertainment,ticket_office_or_booth,3
arts_and_entertainment,lottery_vendor,3
arts_and_entertainment,veterans_organization,3
arts_and_entertainment,virtual_reality_center,3
arts_and_entertainment,observatory,3
arts_and_entertainment,glass_blowing_venue,3
arts_and_entertainment,design_museum,2
arts_and_entertainment,paint_your_own_pottery_venue,2
arts_and_entertainment,zoo,2
arts_and_entertainment,soccer_stadium,2
arts_and_entertainment,photography_museum,1
arts_and_entertainment,tennis_stadium,1
arts_and_entertainment,petting_zoo,1
arts_and_entertainment,drive_in_theater,1
arts_and_entertainment,contemporary_art_museum,1
arts_and_entertainment,cartooning_museum,1
arts_and_entertainment,dinner_theater,1
arts_and_entertainment,asian_art_museum,1
arts_and_entertainment,fraternal_organization,1
arts_and_entertainment,state_museum,1
arts_and_entertainment,wildlife_sanctuary,1
arts_and_entertainment,bingo_hall,1
arts_and_entertainment,casino,1
arts_and_entertainment,football_stadium,1
arts_and_entertainment,circus_venue,1
community_and_government,social_or_community_service,479
community_and_government,charity_organization,345
community_and_government,government_office,121
community_and_government,civic_organization,87
community_and_government,community_center,70
community_and_government,community_and_government,47
community_and_government,youth_organization,47
community_and_government,embassy,44
community_and_government,fire_station,39
community_and_government,labor_union,28
community_and_government,homeless_shelter,26
community_and_government,police_station,24
community_and_government,public_plaza,23
community_and_government,social_and_human_service,21
community_and_government,garbage_collection_service,20
community_and_government,senior_citizen_service,16
community_and_government,housing_authority,13
community_and_government,courthouse,13
community_and_government,public_fountain,12
community_and_government,chambers_of_commerce,9
community_and_government,food_bank,8
community_and_government,political_organization,6
community_and_government,non_governmental_association,6
community_and_government,disability_services_and_support_organization,5
community_and_government,electric_utility_provider,4
community_and_government,health_department,4
community_and_government,town_hall,4
community_and_government,immigration_and_naturalization_office,4
community_and_government,volunteer_association,3
community_and_government,tax_office,3
community_and_government,social_security_service,3
community_and_government,natural_gas_utility_provider,2
community_and_government,department_of_motor_vehicles,2
community_and_government,jail_or_prison,2
community_and_government,public_utility,2
community_and_government,political_party_office,1
community_and_government,military_site,1
community_and_government,foster_care_service,1
community_and_government,department_of_social_service,1
cultural_and_historic,historic_site,429
cultural_and_historic,christian_place_of_worship,307
cultural_and_historic,baptist_place_of_worship,68
cultural_and_historic,religious_organization,58
cultural_and_historic,roman_catholic_place_of_worship,54
cultural_and_historic,cultural_center,31
cultural_and_historic,monument,30
cultural_and_historic,buddhist_place_of_worship,30
cultural_and_historic,jewish_place_of_worship,22
cultural_and_historic,pentecostal_place_of_worship,14
cultural_and_historic,anglican_or_episcopal_place_of_worship,7
cultural_and_historic,muslim_place_of_worship,6
cultural_and_historic,protestant_place_of_worship,6
cultural_and_historic,hindu_place_of_worship,3
cultural_and_historic,jehovahs_witness_place_of_worship,3
cultural_and_historic,lighthouse,2
cultural_and_historic,fort,2
cultural_and_historic,cemetery,1
education,preschool,184
education,college_university,127
education,elementary_school,101
education,art_school,53
education,library,53
education,private_school,50
education,tutoring_service,50
education,school,47
education,education,40
education,language_school,38
education,music_school,38
education,high_school,33
education,vocational_and_technical_school,27
education,campus_building,26
education,medical_research_institute,24
education,middle_school,23
education,cooking_school,23
education,specialty_school,20
education,driving_school,14
education,educational_service,12
education,research_institute,11
education,educational_camp,11
education,adult_education_center,11
education,computer_coaching,9
education,test_preparation,8
education,educational_research_institute,8
education,after_school_program,7
education,student_union,7
education,private_tutor,6
education,religious_school,4
education,public_school,4
education,massage_school,3
education,bartending_school,3
education,nursing_school,3
education,cosmetology_school,3
education,medical_school,2
education,drama_school,2
education,school_district_office,2
education,flight_school,2
education,first_aid_class,2
education,montessori_school,1
education,business_school,1
education,tasting_class,1
education,childbirth_education,1
education,college_counseling,1
education,sports_school,1
education,medical_sciences_school,1
education,cpr_class,1
education,wine_tasting_class,1
education,law_school,1
food_and_drink,restaurant,1034
food_and_drink,coffee_shop,400
food_and_drink,cafe,354
food_and_drink,chinese_restaurant,293
food_and_drink,bar,271
food_and_drink,mexican_restaurant,269
food_and_drink,pizza_restaurant,252
food_and_drink,bakery,248
food_and_drink,american_restaurant,240
food_and_drink,italian_restaurant,219
food_and_drink,japanese_restaurant,196
food_and_drink,sushi_restaurant,182
food_and_drink,sandwich_shop,172
food_and_drink,thai_restaurant,157
food_and_drink,cocktail_bar,135
food_and_drink,vietnamese_restaurant,119
food_and_drink,wine_bar,108
food_and_drink,burger_restaurant,107
food_and_drink,indian_restaurant,103
food_and_drink,delicatessen,99
food_and_drink,seafood_restaurant,97
food_and_drink,fast_food_restaurant,95
food_and_drink,bubble_tea_shop,95
food_and_drink,breakfast_and_brunch_restaurant,81
food_and_drink,mediterranean_restaurant,80
food_and_drink,ice_cream_shop,73
food_and_drink,smoothie_juice_bar,68
food_and_drink,asian_restaurant,68
food_and_drink,french_restaurant,68
food_and_drink,korean_restaurant,66
food_and_drink,lounge,64
food_and_drink,dessert_shop,59
food_and_drink,dim_sum_restaurant,51
food_and_drink,chicken_restaurant,43
food_and_drink,ramen_restaurant,42
food_and_drink,brewery,42
food_and_drink,sports_bar,41
food_and_drink,pub,40
food_and_drink,barbecue_restaurant,38
food_and_drink,donut_shop,36
food_and_drink,food_truck_stand,35
food_and_drink,diner,33
food_and_drink,asian_fusion_restaurant,32
food_and_drink,gay_bar,32
food_and_drink,chocolatier,31
food_and_drink,latin_american_restaurant,30
food_and_drink,bagel_shop,29
food_and_drink,bar_and_grill_restaurant,29
food_and_drink,peruvian_restaurant,29
food_and_drink,tea_room,29
food_and_drink,winery,29
food_and_drink,gastropub,28
food_and_drink,steakhouse,27
food_and_drink,salad_bar,26
food_and_drink,salvadoran_restaurant,26
food_and_drink,taco_restaurant,25
food_and_drink,vegan_restaurant,25
food_and_drink,candy_store,24
food_and_drink,irish_pub,21
food_and_drink,tapas_bar,21
food_and_drink,poke_restaurant,21
food_and_drink,filipino_restaurant,21
food_and_drink,beer_bar,20
food_and_drink,greek_restaurant,20
food_and_drink,middle_eastern_restaurant,19
food_and_drink,burmese_restaurant,19
food_and_drink,vegetarian_restaurant,17
food_and_drink,hot_dog_restaurant,16
food_and_drink,dive_bar,15
food_and_drink,hawaiian_restaurant,14
food_and_drink,frozen_yogurt_shop,13
food_and_drink,southern_american_restaurant,13
food_and_drink,comfort_food_restaurant,13
food_and_drink,speakeasy,12
food_and_drink,halal_restaurant,12
food_and_drink,pakistani_restaurant,12
food_and_drink,brazilian_restaurant,11
food_and_drink,pan_asian_restaurant,11
food_and_drink,spanish_restaurant,11
food_and_drink,cajun_and_creole_restaurant,10
food_and_drink,turkish_restaurant,10
food_and_drink,pancake_house,9
food_and_drink,ethiopian_restaurant,9
food_and_drink,african_restaurant,9
food_and_drink,tiki_bar,9
food_and_drink,argentine_restaurant,8
food_and_drink,chicken_wings_restaurant,8
food_and_drink,gelato_shop,8
food_and_drink,honduran_restaurant,7
food_and_drink,dumpling_restaurant,7
food_and_drink,cupcake_shop,7
food_and_drink,beer_garden,7
food_and_drink,european_restaurant,7
food_and_drink,cuban_restaurant,7
food_and_drink,soul_food,7
food_and_drink,taiwanese_restaurant,7
food_and_drink,moroccan_restaurant,6
food_and_drink,health_food_restaurant,6
food_and_drink,distillery,6
food_and_drink,food_and_drink,6
food_and_drink,german_restaurant,6
food_and_drink,persian_restaurant,6
food_and_drink,hookah_bar,6
food_and_drink,soup_restaurant,6
food_and_drink,guatemalan_restaurant,6
food_and_drink,falafel_restaurant,5
food_and_drink,hotel_bar,5
food_and_drink,pie_shop,5
food_and_drink,food_court,5
food_and_drink,coffee_roastery,5
food_and_drink,doner_kebab_restaurant,4
food_and_drink,buffet_restaurant,4
food_and_drink,afghani_restaurant,4
food_and_drink,cafeteria,4
food_and_drink,scandinavian_restaurant,3
food_and_drink,british_restaurant,3
food_and_drink,portuguese_restaurant,3
food_and_drink,russian_restaurant,3
food_and_drink,nicaraguan_restaurant,3
food_and_drink,hong_kong_style_cafe,3
food_and_drink,pretzel_shop,3
food_and_drink,whiskey_bar,3
food_and_drink,venezuelan_restaurant,3
food_and_drink,malaysian_restaurant,3
food_and_drink,fish_and_chips_restaurant,3
food_and_drink,singaporean_restaurant,3
food_and_drink,indonesian_restaurant,3
food_and_drink,cambodian_restaurant,2
food_and_drink,ukrainian_restaurant,2
food_and_drink,arabian_restaurant,2
food_and_drink,egyptian_restaurant,2
food_and_drink,bistro,2
food_and_drink,lebanese_restaurant,2
food_and_drink,basque_restaurant,2
food_and_drink,austrian_restaurant,2
food_and_drink,belgian_restaurant,2
food_and_drink,internet_cafe,2
food_and_drink,cheesesteak_restaurant,2
food_and_drink,theme_restaurant,2
food_and_drink,fondue_restaurant,2
food_and_drink,mongolian_restaurant,2
food_and_drink,puerto_rican_restaurant,2
food_and_drink,jewish_restaurant,2
food_and_drink,irish_restaurant,1
food_and_drink,acai_bowls,1
food_and_drink,australian_restaurant,1
food_and_drink,international_fusion_restaurant,1
food_and_drink,colombian_restaurant,1
food_and_drink,caribbean_restaurant,1
food_and_drink,georgian_restaurant,1
food_and_drink,hungarian_restaurant,1
food_and_drink,airport_lounge,1
food_and_drink,sri_lankan_restaurant,1
food_and_drink,brasserie,1
food_and_drink,ecuadorian_restaurant,1
food_and_drink,jamaican_restaurant,1
food_and_drink,empanada_restaurant,1
food_and_drink,popcorn_shop,1
food_and_drink,kosher_restaurant,1
food_and_drink,cigar_bar,1
food_and_drink,swiss_restaurant,1
food_and_drink,laotian_restaurant,1
food_and_drink,gluten_free_restaurant,1
food_and_drink,chilean_restaurant,1
food_and_drink,syrian_restaurant,1
food_and_drink,milk_bar,1
geographic_entities,beach,28
geographic_entities,bridge,21
geographic_entities,lake,13
geographic_entities,pier,9
geographic_entities,botanical_garden,7
geographic_entities,marina,5
geographic_entities,geographic_entities,5
geographic_entities,mountain,2
geographic_entities,nature_reserve,1
geographic_entities,forest,1
geographic_entities,community_garden,1
geographic_entities,river,1
geographic_entities,waterfall,1
health_care,health_care,1296
health_care,doctors_office,493
health_care,dental_clinic,311
health_care,outpatient_care_facility,198
health_care,psychotherapy,172
health_care,acupuncture,168
health_care,chiropractic,141
health_care,psychology,102
health_care,general_dentistry,89
health_care,public_health_clinic,87
health_care,optometry,83
health_care,naturopathic_medicine,80
health_care,physical_therapy,76
health_care,hospital,65
health_care,psychiatry,60
health_care,marriage_or_relationship_counseling,59
health_care,pediatric_clinic,58
health_care,obstetrics_and_gynecology,57
health_care,behavioral_or_mental_health_clinic,56
health_care,dermatology,52
health_care,plastic_and_reconstructive_surgery,51
health_care,neurology,46
health_care,home_health_care,42
health_care,internal_medicine,40
health_care,nursing,38
health_care,podiatry,38
health_care,oncology,35
health_care,cardiology,34
health_care,surgery,34
health_care,orthopedics,33
health_care,gastroenterology,31
health_care,cosmetic_dentistry,30
health_care,oral_and_maxillofacial_surgery,29
health_care,ophthalmology,28
health_care,orthodontics,28
health_care,cannabis_clinic,25
health_care,reproductive_perinatal_and_womens_care,23
health_care,laboratory_testing,22
health_care,vision_or_eye_care_clinic,20
health_care,medical_service_organization,20
health_care,abuse_and_addiction_treatment_center,20
health_care,surgery_center,18
health_care,pediatric_dentistry,17
health_care,fertility_clinic,16
health_care,dialysis_clinic,13
health_care,anesthesiology,13
health_care,family_practice,13
health_care,sports_medicine,13
health_care,diagnostic_imaging,12
health_care,ear_nose_and_throat,12
health_care,hospice,12
health_care,walk_in_clinic,12
health_care,radiology,12
health_care,speech_therapy,12
health_care,urgent_care_clinic,11
health_care,complementary_and_alternative_medicine,11
health_care,endocrinology,10
health_care,pain_management,10
health_care,urology,10
health_care,prosthodontics,10
health_care,audiology,9
health_care,endodontics,9
health_care,rheumatology,8
health_care,cosmetic_surgery,8
health_care,periodontics,8
health_care,cancer_treatment_center,7
health_care,pediatric_cardiology,7
health_care,addiction_rehabilitation_center,7
health_care,emergency_department,6
health_care,blood_and_plasma_donation_center,6
health_care,nephrology,6
health_care,child_psychiatry,6
health_care,rehabilitation_center,6
health_care,allergy_and_immunology,5
health_care,maternity_center,5
health_care,sleep_medicine,5
health_care,pediatric_neurology,4
health_care,prenatal_and_perinatal_care,4
health_care,emergency_or_urgent_care_facility,4
health_care,health_insurance_office,4
health_care,pediatric_gastroenterology,4
health_care,specialized_health_care,3
health_care,osteopathic_medicine,3
health_care,ambulance_or_ems_service,3
health_care,family_counseling,3
health_care,pathology,3
health_care,pediatric_pulmonology,3
health_care,pediatric_oncology,3
health_care,geriatric_medicine,2
health_care,pulmonology,2
health_care,homeopathy,2
health_care,alcohol_and_drug_treatment_center,2
health_care,hypnotherapy,2
health_care,reflexology,2
health_care,eating_disorder_treatment_center,2
health_care,hematology,2
health_care,medical_billing,2
health_care,prosthetics,2
health_care,occupational_medicine,2
health_care,crisis_intervention_service,1
health_care,doula_service,1
health_care,paternity_testing,1
health_care,pediatric_surgery,1
health_care,midwifery,1
health_care,neuropathology,1
health_care,refractive_surgery_or_lasik,1
health_care,geriatric_psychiatry,1
health_care,medical_transportation,1
health_care,sex_therapy,1
health_care,proctology,1
health_care,abortion_clinic,1
health_care,reiki,1
health_care,neurotology,1
health_care,cardiothoracic_surgery,1
health_care,body_contouring,1
health_care,orthotics,1
health_care,pediatric_endocrinology,1
health_care,infectious_disease,1
health_care,lactation_service,1
health_care,pediatric_nephrology,1
lifestyle_services,hair_salon,537
lifestyle_services,beauty_salon,288
lifestyle_services,nail_salon,195
lifestyle_services,massage_therapy,187
lifestyle_services,spa,158
lifestyle_services,barber,131
lifestyle_services,skin_care_and_makeup,97
lifestyle_services,tattoo_and_piercing,68
lifestyle_services,medical_spa,42
lifestyle_services,day_spa,37
lifestyle_services,pet_groomer,36
lifestyle_services,veterinarian,34
lifestyle_services,waxing,27
lifestyle_services,personal_or_beauty_service,24
lifestyle_services,makeup_artist,23
lifestyle_services,animal_or_pet_service,22
lifestyle_services,life_coach,20
lifestyle_services,tattoo,20
lifestyle_services,meditation_center,19
lifestyle_services,hair_stylist,17
lifestyle_services,shoe_repair,17
lifestyle_services,food_delivery_service,17
lifestyle_services,dog_walker,16
lifestyle_services,wellness_service,16
lifestyle_services,pet_boarding,16
lifestyle_services,hair_removal,14
lifestyle_services,pet_sitting,13
lifestyle_services,health_coaching,13
lifestyle_services,nutrition_service,12
lifestyle_services,dog_trainer,12
lifestyle_services,tanning_salon,11
lifestyle_services,weight_loss_center,9
lifestyle_services,threading_service,8
lifestyle_services,hair_replacement,7
lifestyle_services,pizza_delivery_service,7
lifestyle_services,animal_shelter,7
lifestyle_services,matchmaker,5
lifestyle_services,image_consultant,5
lifestyle_services,hair_extensions,5
lifestyle_services,eyelash_service,5
lifestyle_services,health_and_wellness_club,3
lifestyle_services,animal_hospital,3
lifestyle_services,piercing,3
lifestyle_services,animal_rescue_service,3
lifestyle_services,emergency_pet_hospital,2
lifestyle_services,blow_dry_blow_out_service,2
lifestyle_services,laser_hair_removal,2
lifestyle_services,sugaring,2
lifestyle_services,horse_boarding,1
lifestyle_services,pet_hospice,1
lifestyle_services,shoe_shining_service,1
lifestyle_services,pet_training,1
lifestyle_services,hair_loss_center,1
lifestyle_services,health_spa,1
lifestyle_services,public_bath_house,1
lifestyle_services,acne_treatment,1
lifestyle_services,permanent_makeup,1
lifestyle_services,eyebrow_service,1
lodging,hotel,321
lodging,lodging,263
lodging,hostel,26
lodging,resort,23
lodging,motel,23
lodging,bed_and_breakfast,17
lodging,inn,13
lodging,service_apartment,9
lodging,campground,7
lodging,holiday_rental_home,7
lodging,lodge,4
lodging,rv_park,2
lodging,cottage,1
lodging,guest_house,1
services_and_business,real_estate_agent,452
services_and_business,professional_service,437
services_and_business,software_development,432
services_and_business,corporate_or_business_office,390
services_and_business,attorney_or_law_firm,312
services_and_business,information_technology_company,253
services_and_business,party_and_event_planning,218
services_and_business,financial_service,215
services_and_business,real_estate_service,193
services_and_business,contractor,181
services_and_business,bank_or_credit_union,177
services_and_business,apartment,164
services_and_business,architectural_designer,153
services_and_business,interior_design,147
services_and_business,advertising_agency,136
services_and_business,property_management,127
services_and_business,marketing_agency,122
services_and_business,insurance_agency,114
services_and_business,home_service,109
services_and_business,building_or_construction_service,104
services_and_business,laundromat,97
services_and_business,employment_agency,93
services_and_business,accountant,89
services_and_business,b2b_business_management_service,88
services_and_business,it_service_and_computer_repair,86
services_and_business,printing_service,80
services_and_business,architect,77
services_and_business,money_transfer_service,73
services_and_business,courier_and_delivery_service,72
services_and_business,investing,69
services_and_business,key_and_locksmith,67
services_and_business,caterer,65
services_and_business,personal_injury_law,64
services_and_business,laundry_service,64
services_and_business,engineering_service,63
services_and_business,dry_cleaning,63
services_and_business,commercial_real_estate,59
services_and_business,immigration_law,56
services_and_business,bank,56
services_and_business,day_care_preschool,55
services_and_business,home_cleaning,54
services_and_business,web_designer,51
services_and_business,retirement_home,51
services_and_business,electrician,50
services_and_business,graphic_designer,50
services_and_business,plumbing,50
services_and_business,financial_advising,49
services_and_business,business_consulting,49
services_and_business,car_rental_service,49
services_and_business,publisher,47
services_and_business,public_relations,45
services_and_business,auto_insurance,44
services_and_business,broadcasting_media_production,43
services_and_business,painting,43
services_and_business,mortgage_lender,42
services_and_business,post_office,41
services_and_business,truck_rental_service,41
services_and_business,legal_service,41
services_and_business,trusts,41
services_and_business,rental_service,41
services_and_business,criminal_defense_law,40
services_and_business,employment_law,38
services_and_business,self_storage_facility,37
services_and_business,coworking_space,37
services_and_business,media_agency,35
services_and_business,divorce_and_family_law,35
services_and_business,tax_service,33
services_and_business,condominium,33
services_and_business,event_photography_service,32
services_and_business,b2b_advertising_and_marketing_service,32
services_and_business,music_production,32
services_and_business,landscaping,31
services_and_business,child_care_and_day_care,31
services_and_business,radio_station,28
services_and_business,rental_kiosk,26
services_and_business,photography_service,26
services_and_business,freight_and_cargo_service,26
services_and_business,roofing,25
services_and_business,product_design,25
services_and_business,shipping_center,25
services_and_business,garage_door_service,25
services_and_business,b2b_marketing_consultant,25
services_and_business,theatrical_production,24
services_and_business,credit_union,22
services_and_business,notary_public,22
services_and_business,mortgage_broker,22
services_and_business,storage_facility,22
services_and_business,hvac_service,21
services_and_business,internet_marketing_service,20
services_and_business,carpet_cleaning,19
services_and_business,industrial_equipment_manufacturer,19
services_and_business,telecommunications_service,19
services_and_business,session_photography_service,19
services_and_business,b2b_service,19
services_and_business,business_law,19
services_and_business,mover,18
services_and_business,t_shirt_printing_service,18
services_and_business,private_association,18
services_and_business,janitorial_service,18
services_and_business,propane_supplier,18
services_and_business,movie_television_studio,18
services_and_business,environmental_conservation_organization,18
services_and_business,appliance_repair_service,17
services_and_business,atm,17
services_and_business,metal_fabricator,17
services_and_business,wills_trusts_and_probate,17
services_and_business,home_developer,16
services_and_business,e_commerce_service,16
services_and_business,general_litigation,15
services_and_business,event_technology_service,15
services_and_business,furniture_assembly,15
services_and_business,telecommunications_company,15
services_and_business,internet_service_provider,15
services_and_business,funeral_service,15
services_and_business,air_duct_cleaning_service,15
services_and_business,manufacturer,15
services_and_business,biotechnology_company,14
services_and_business,handyman,14
services_and_business,sewing_and_alterations,14
services_and_business,cleaning_service,14
services_and_business,media_news_company,14
services_and_business,video_film_production,13
services_and_business,countertop_installation,13
services_and_business,gardener,13
services_and_business,carpenter,12
services_and_business,pest_control_service,12
services_and_business,translation_service,12
services_and_business,flooring_contractor,12
services_and_business,package_locker,12
services_and_business,jewelry_and_watches_manufacturer,12
services_and_business,structural_engineer,11
services_and_business,real_estate_investment,11
services_and_business,b2b_energy_and_utility_service,11
services_and_business,damage_restoration,11
services_and_business,electronic_equipment_supplier,10
services_and_business,tax_law,10
services_and_business,security_service,10
services_and_business,bankruptcy_law,10
services_and_business,fire_protection_service,10
services_and_business,chimney_sweep,10
services_and_business,estate_planning_law,10
services_and_business,recycling_center,10
services_and_business,assisted_living_facility,10
services_and_business,wedding_planning,10
services_and_business,career_counseling,9
services_and_business,windows_installation,9
services_and_business,land_surveying,9
services_and_business,commercial_industrial,9
services_and_business,laboratory,9
services_and_business,installment_loans,9
services_and_business,environmental_or_ecological_service,9
services_and_business,print_media,9
services_and_business,sign_making,9
services_and_business,appraisal_service,8
services_and_business,pharmaceutical_company,8
services_and_business,fire_and_water_damage_restoration,8
services_and_business,automation_service,8
services_and_business,computer_wholesaler,8
services_and_business,private_investigation,8
services_and_business,currency_exchange,8
services_and_business,security_systems,8
services_and_business,b2b_science_and_technology_service,8
services_and_business,animation_studio,8
services_and_business,computer_hardware_company,8
services_and_business,temp_agency,7
services_and_business,writing_service,7
services_and_business,home_staging,7
services_and_business,bail_bonds_service,7
services_and_business,vehicle_shipping,7
services_and_business,recording_and_rehearsal_studio,6
services_and_business,mobile_phone_repair,6
services_and_business,broker,6
services_and_business,ip_and_internet_law,6
services_and_business,energy_company,6
services_and_business,bathroom_remodeling,6
services_and_business,landscape_architect,6
services_and_business,b2b_cleaning_and_waste_management,6
services_and_business,food_beverage_distributor,6
services_and_business,court_reporter,5
services_and_business,tiling,5
services_and_business,bookkeeper,5
services_and_business,media_service,5
services_and_business,home_inspector,5
services_and_business,environmental_testing_service,5
services_and_business,glass_and_mirror_sales_service,5
services_and_business,record_label,5
services_and_business,medical_law,5
services_and_business,check_cashing_payday_loans,5
services_and_business,office_cleaning,5
services_and_business,translating_and_interpreting_service,5
services_and_business,videographer,5
services_and_business,b2b_executive_search_consultants,5
services_and_business,cabinet_sales_service,5
services_and_business,social_media_agency,4
services_and_business,meat_wholesaler,4
services_and_business,business_office_supplies_and_stationery,4
services_and_business,b2b_human_resource_service,4
services_and_business,b2b_surgical_appliances_and_supplies,4
services_and_business,b2b_radio_and_television_commercials,4
services_and_business,machine_shop,4
services_and_business,solar_installation,4
services_and_business,it_consultant,4
services_and_business,ferry_boat_company,4
services_and_business,builder,4
services_and_business,beverage_supplier,4
services_and_business,tree_service,4
services_and_business,packing_service,4
services_and_business,pressure_washing,4
services_and_business,credit_and_debt_counseling,4
services_and_business,dui_law,4
services_and_business,dj_service,4
services_and_business,party_equipment_rental,4
services_and_business,fence_and_gate_sales_service,3
services_and_business,collection_agency,3
services_and_business,warehouse,3
services_and_business,textile_manufacturer,3
services_and_business,audiovisual_equipment_rental,3
services_and_business,metal_supplier,3
services_and_business,b2b_audio_visual_production,3
services_and_business,patent_law,3
services_and_business,media_restoration_service,3
services_and_business,halfway_house,3
services_and_business,motorcycle_rental_service,3
services_and_business,b2b_records_storage_service,3
services_and_business,restaurant_equipment_and_supply,3
services_and_business,import_export_service,3
services_and_business,wholesale_grocer,3
services_and_business,real_estate_law,3
services_and_business,clothing_rental,3
services_and_business,window_supplier,3
services_and_business,kids_recreation_and_party,3
services_and_business,freight_forwarding_agency,3
services_and_business,tailor,3
services_and_business,process_server,3
services_and_business,photo_booth_rental,3
services_and_business,hydraulic_equipment_supplier,3
services_and_business,elevator_service,3
services_and_business,business_broker,3
services_and_business,payroll_service,3
services_and_business,clothing_company,3
services_and_business,talent_agency,3
services_and_business,bartender,3
services_and_business,granite_supplier,3
services_and_business,beauty_product_supplier,3
services_and_business,bags_luggage_company,3
services_and_business,travel_company,3
services_and_business,plastics_company,3
services_and_business,art_restoration_service,3
services_and_business,boat_charter,3
services_and_business,urban_farm,2
services_and_business,cremation_service,2
services_and_business,junk_removal_and_hauling,2
services_and_business,musician,2
services_and_business,b2b_clinical_lab,2
services_and_business,distribution_service,2
services_and_business,shredding_service,2
services_and_business,paralegal_service,2
services_and_business,b2b_food_products,2
services_and_business,workers_compensation_law,2
services_and_business,machine_and_tool_rental,2
services_and_business,rv_rental_service,2
services_and_business,nanny_service,2
services_and_business,tenant_and_eviction_law,2
services_and_business,supplier_or_distributor,2
services_and_business,civil_engineer,2
services_and_business,furniture_manufacturer,2
services_and_business,door_sales_service,2
services_and_business,mechanical_engineer,2
services_and_business,drywall_service,2
services_and_business,b2b_water_treatment_service,2
services_and_business,sand_and_gravel_supplier,2
services_and_business,vocal_coach,2
services_and_business,entertainment_law,2
services_and_business,mortuary_service,2
services_and_business,home_security,2
services_and_business,corporate_entertainment_service,2
services_and_business,shared_office_space,2
services_and_business,home_energy_auditor,2
services_and_business,bike_repair_maintenance,2
services_and_business,building_contractor,2
services_and_business,gold_buyer,2
services_and_business,adoption_service,2
services_and_business,escrow_service,2
services_and_business,commercial_printer,2
services_and_business,web_hosting_service,2
services_and_business,merchandising_service,2
services_and_business,railroad_freight,2
services_and_business,lighting_fixtures_and_equipment,2
services_and_business,television_station,2
services_and_business,window_washing,2
services_and_business,stock_and_bond_broker,2
services_and_business,disability_law,2
services_and_business,team_building_activity,2
services_and_business,backflow_service,2
services_and_business,wholesaler,2
services_and_business,agriculture,1
services_and_business,glass_manufacturer,1
services_and_business,gutter_service,1
services_and_business,fidelity_and_surety_bonds,1
services_and_business,personal_chef,1
services_and_business,shutters,1
services_and_business,game_publisher,1
services_and_business,magician,1
services_and_business,farm,1
services_and_business,food_and_beverage_consultant,1
services_and_business,agricultural_service,1
services_and_business,laboratory_equipment_supplier,1
services_and_business,family_service_center,1
services_and_business,certification_agency,1
services_and_business,piano_service,1
services_and_business,farming_service,1
services_and_business,b2b_international_trade_service,1
services_and_business,television_service_provider,1
services_and_business,shipping_collection_service,1
services_and_business,b2b_direct_mail_advertising,1
services_and_business,media_news_website,1
services_and_business,fingerprinting_service,1
services_and_business,telephone_service,1
services_and_business,dairy_farm,1
services_and_business,copywriting_service,1
services_and_business,homeowner_association,1
services_and_business,life_insurance,1
services_and_business,grout_service,1
services_and_business,billing_service,1
services_and_business,estate_liquidation,1
services_and_business,b2b_scientific_equipment,1
services_and_business,home_window_tinting,1
services_and_business,commercial_refrigeration,1
services_and_business,holding_company,1
services_and_business,b2b_promotional_products_and_services,1
services_and_business,electronic_parts_supplier,1
services_and_business,deck_and_railing_sales_service,1
services_and_business,plasterer,1
services_and_business,chemical_plant,1
services_and_business,furniture_rental_service,1
services_and_business,mediator,1
services_and_business,party_bus_rental,1
services_and_business,powder_coating_service,1
services_and_business,business_financing,1
services_and_business,demolition_service,1
services_and_business,debt_relief_service,1
services_and_business,b2b_oil_and_gas,1
services_and_business,industrial_company,1
services_and_business,home_automation,1
services_and_business,hvac_supplier,1
services_and_business,private_equity_firm,1
services_and_business,civil_rights_lawyer,1
services_and_business,ceiling_service,1
services_and_business,forestry_service,1
services_and_business,auto_manufacturer,1
services_and_business,altering_and_remodeling_contractor,1
services_and_business,transcription_service,1
services_and_business,foundation_repair,1
services_and_business,editorial_service,1
services_and_business,poultry_farm,1
services_and_business,personal_assistant,1
services_and_business,motorcycle_manufacturer,1
services_and_business,construction_management,1
services_and_business,masonry_concrete,1
services_and_business,insulation_installation,1
services_and_business,crane_service,1
services_and_business,b2b_medical_support_service,1
services_and_business,clock_repair_service,1
services_and_business,wildlife_control,1
services_and_business,apparel_manufacturer,1
services_and_business,b2b_hospital_equipment_and_supplies,1
services_and_business,lighting_fixture_manufacturer,1
services_and_business,wine_wholesaler,1
services_and_business,auto_loan_provider,1
services_and_business,mailbox_center,1
services_and_business,kitchen_remodeling,1
services_and_business,book_magazine_distribution,1
services_and_business,home_organization,1
services_and_business,b2b_secretarial_service,1
shopping,grocery_store,326
shopping,clothing_store,281
shopping,jewelry_store,237
shopping,shopping,165
shopping,furniture_store,152
shopping,flowers_and_gifts_store,147
shopping,womens_clothing_store,126
shopping,liquor_store,121
shopping,convenience_store,95
shopping,building_supply_store,92
shopping,gift_shop,88
shopping,shoe_store,84
shopping,pharmacy,82
shopping,fashion_boutique,81
shopping,mobile_phone_store,75
shopping,electronics_store,75
shopping,florist,74
shopping,bookstore,68
shopping,mens_clothing_store,65
shopping,hardware_store,59
shopping,pet_store,53
shopping,arts_crafts_and_hobby_store,51
shopping,antique_store,51
shopping,specialty_foods_store,50
shopping,bike_store,48
shopping,home_goods_store,46
shopping,cosmetics_and_fragrance_store,44
shopping,farmers_market,43
shopping,beauty_supply_store,42
shopping,eyewear_store,38
shopping,cannabis_dispensary,38
shopping,second_hand_store,38
shopping,carpet_store,37
shopping,appliance_store,36
shopping,tobacco_shop,35
shopping,fashion_accessories_store,35
shopping,camera_and_photography_store,34
shopping,office_supply_store,33
shopping,vitamin_and_supplement_store,33
shopping,bridal_shop,32
shopping,music_and_dvd_store,32
shopping,food_and_beverage_store,31
shopping,home_decor_store,29
shopping,auto_dealer,29
shopping,musical_instrument_store,29
shopping,beer_wine_spirits_store,29
shopping,nursery_and_gardening_store,28
shopping,t_shirt_store,27
shopping,health_food_store,27
shopping,second_hand_clothing_store,26
shopping,butcher_shop,25
shopping,toy_store,25
shopping,sporting_goods_store,25
shopping,auto_parts_store,22
shopping,childrens_clothing_store,21
shopping,motorcycle_dealer,20
shopping,asian_grocery_store,20
shopping,home_improvement_store,20
shopping,department_store,19
shopping,shopping_mall,18
shopping,warehouse_club_store,18
shopping,lingerie_store,18
shopping,fashion_and_apparel_store,18
shopping,kiosk,17
shopping,fabric_store,17
shopping,kitchen_supply_store,17
shopping,drugstore,17
shopping,produce_store,16
shopping,lighting_store,15
shopping,medical_supply_store,15
shopping,mobile_phone_accessory_store,14
shopping,discount_store,13
shopping,window_treatment_store,13
shopping,paint_store,13
shopping,sportswear_store,13
shopping,fishmonger,13
shopping,framing_store,13
shopping,hobby_shop,13
shopping,video_game_store,12
shopping,computer_store,12
shopping,flooring_store,12
shopping,mattress_store,12
shopping,luggage_store,12
shopping,smoke_and_vape_store,12
shopping,cards_and_stationery_store,12
shopping,hat_store,11
shopping,cheese_shop,11
shopping,watch_store,11
shopping,hardware_home_and_garden_store,11
shopping,designer_clothing,11
shopping,herb_and_spice_store,10
shopping,organic_grocery_store,10
shopping,leather_goods_store,10
shopping,hair_supply_store,9
shopping,sunglasses_store,9
shopping,costume_store,9
shopping,adult_store,8
shopping,comic_books_store,8
shopping,party_supply_store,8
shopping,souvenir_store,8
shopping,uniform_store,7
shopping,pop_up_store,7
shopping,video_and_video_game_rental,7
shopping,kitchen_and_bath_store,7
shopping,skate_store,7
shopping,vinyl_record_store,6
shopping,cooking_classes,6
shopping,art_supply_store,6
shopping,electrical_supply_store,5
shopping,flea_market,5
shopping,lumber_store,5
shopping,books_music_and_video_store,5
shopping,health_market,5
shopping,pawn_shop,5
shopping,safety_equipment_store,5
shopping,seafood_market,5
shopping,tile_store,4
shopping,maternity_wear,4
shopping,auction_house,4
shopping,dancewear_store,4
shopping,trophy_store,4
shopping,hearing_aid_store,4
shopping,swimwear_store,4
shopping,linen_store,4
shopping,educational_supply_store,4
shopping,custom_t_shirt_store,4
shopping,academic_bookstore,4
shopping,outdoor_furniture_store,4
shopping,wig_store,4
shopping,car_stereo_store,4
shopping,outdoor_store,4
shopping,audio_visual_equipment_store,4
shopping,rug_store,3
shopping,diamond_dealer,3
shopping,aquatic_pet_store,3
shopping,embroidery_and_crochet_store,3
shopping,used_auto_dealer,3
shopping,handbag_store,3
shopping,newspaper_and_magazines_store,3
shopping,custom_cakes_shop,3
shopping,surf_store,3
shopping,motorsports_store,2
shopping,baby_gear_and_nursery_store,2
shopping,truck_dealer,2
shopping,packing_supply_store,2
shopping,craft_store,2
shopping,forklift_dealer,2
shopping,bedding_and_bath_store,2
shopping,olive_oil_store,2
shopping,auto_broker,2
shopping,customized_merchandise_store,2
shopping,fitness_exercise_store,2
shopping,hydroponic_gardening_store,2
shopping,hunting_and_fishing_store,2
shopping,pasta_store,2
shopping,candle_store,2
shopping,welding_supply_store,2
shopping,wallpaper_store,1
shopping,street_vendor,1
shopping,battery_store,1
shopping,gun_and_ammo_store,1
shopping,dental_supply_store,1
shopping,denim_wear_store,1
shopping,car_auction,1
shopping,formal_wear_store,1
shopping,junkyard,1
shopping,hot_tub_and_pool_store,1
shopping,knitting_supply_store,1
shopping,night_market,1
shopping,holiday_market,1
shopping,coffee_and_tea_supplies,1
shopping,recreational_vehicle_dealer,1
shopping,used_bookstore,1
shopping,dairy_store,1
shopping,trailer_dealer,1
shopping,boat_dealer,1
shopping,dive_store,1
shopping,christmas_tree_store,1
shopping,ski_and_snowboard_store,1
shopping,safe_store,1
shopping,vehicle_dealer,1
shopping,piano_store,1
shopping,agricultural_seed_store,1
shopping,superstore,1
shopping,outlet_store,1
shopping,plus_size_clothing_store,1
shopping,home_theater_systems_stores,1
shopping,patisserie_cake_shop,1
shopping,guitar_store,1
shopping,golf_equipment_store,1
shopping,orthopedic_shoe_store,1
sports_and_recreation,park,271
sports_and_recreation,gym,252
sports_and_recreation,martial_arts_club,98
sports_and_recreation,dance_studio,96
sports_and_recreation,yoga_studio,83
sports_and_recreation,sports_and_recreation,72
sports_and_recreation,pilates_studio,67
sports_and_recreation,fitness_trainer,55
sports_and_recreation,playground,48
sports_and_recreation,sport_or_fitness_facility,38
sports_and_recreation,bike_rental,25
sports_and_recreation,hiking_trail,18
sports_and_recreation,tennis_court,15
sports_and_recreation,dog_park,13
sports_and_recreation,swimming_pool,11
sports_and_recreation,skate_park,11
sports_and_recreation,national_park,11
sports_and_recreation,baseball_field,10
sports_and_recreation,golf_course,10
sports_and_recreation,boot_camp,9
sports_and_recreation,fencing_club,8
sports_and_recreation,fishing_charter,7
sports_and_recreation,gymnastics_center,7
sports_and_recreation,bowling_alley,5
sports_and_recreation,sport_or_recreation_club,5
sports_and_recreation,rock_climbing_spot,4
sports_and_recreation,soccer_field,4
sports_and_recreation,boat_rental_and_training,4
sports_and_recreation,pool_billiards,4
sports_and_recreation,ice_skating_rink,4
sports_and_recreation,boxing_class,4
sports_and_recreation,amateur_sport_team,4
sports_and_recreation,miniature_golf_course,3
sports_and_recreation,cycling_class,3
sports_and_recreation,boxing_gym,3
sports_and_recreation,sky_diving,2
sports_and_recreation,fishing_club,2
sports_and_recreation,kiteboarding,2
sports_and_recreation,basketball_court,2
sports_and_recreation,shooting_range,2
sports_and_recreation,canoe_and_kayak_hire_service,2
sports_and_recreation,lawn_bowling_club,2
sports_and_recreation,barre_class,2
sports_and_recreation,swimming_instructor,2
sports_and_recreation,soccer_club,2
sports_and_recreation,table_tennis_club,1
sports_and_recreation,qi_gong_studio,1
sports_and_recreation,self_defense_class,1
sports_and_recreation,kickboxing_club,1
sports_and_recreation,tai_chi_studio,1
sports_and_recreation,chinese_martial_arts_club,1
sports_and_recreation,professional_sport_league,1
sports_and_recreation,indoor_golf_center,1
sports_and_recreation,batting_cage,1
sports_and_recreation,roller_skating_rink,1
sports_and_recreation,golf_instructor,1
sports_and_recreation,brazilian_jiu_jitsu_club,1
sports_and_recreation,professional_sport_team,1
sports_and_recreation,race_track,1
sports_and_recreation,state_park,1
sports_and_recreation,disc_golf_course,1
sports_and_recreation,archery_range,1
sports_and_recreation,rafting_kayaking_area,1
sports_and_recreation,horseback_riding_service,1
sports_and_recreation,football_club,1
sports_and_recreation,ski_and_snowboard_school,1
sports_and_recreation,cardio_class,1
sports_and_recreation,karate_club,1
sports_and_recreation,amateur_sport_league,1
travel_and_transportation,automotive_repair,210
travel_and_transportation,parking,136
travel_and_transportation,travel_service,91
travel_and_transportation,gas_station,83
travel_and_transportation,auto_body_shop,70
travel_and_transportation,travel_and_transportation,69
travel_and_transportation,luggage_storage,64
travel_and_transportation,travel_agent,59
travel_and_transportation,tour_operator,47
travel_and_transportation,auto_glass_service,36
travel_and_transportation,passport_and_visa_service,33
travel_and_transportation,limo_service,28
travel_and_transportation,automotive_service,25
travel_and_transportation,sightseeing_tour_agency,24
travel_and_transportation,towing_service,23
travel_and_transportation,ev_charging_station,17
travel_and_transportation,train_station,17
travel_and_transportation,bus_station,17
travel_and_transportation,car_wash,16
travel_and_transportation,auto_detailing,13
travel_and_transportation,visitor_center,12
travel_and_transportation,motorcycle_repair,11
travel_and_transportation,windshield_installation_and_repair,11
travel_and_transportation,tire_dealer_and_repair,11
travel_and_transportation,emissions_inspection,9
travel_and_transportation,tire_shop,8
travel_and_transportation,car_window_tinting,7
travel_and_transportation,boat_tour,7
travel_and_transportation,boat_service,5
travel_and_transportation,brake_service_and_repair,5
travel_and_transportation,taxi_service,5
travel_and_transportation,bus_tour,5
travel_and_transportation,car_sharing,5
travel_and_transportation,food_tour,5
travel_and_transportation,oil_change_station,4
travel_and_transportation,airport,4
travel_and_transportation,light_rail_and_subway_station,4
travel_and_transportation,public_transit_facility_or_service,4
travel_and_transportation,auto_security,4
travel_and_transportation,vacation_rental_agent,3
travel_and_transportation,airport_shuttle,2
travel_and_transportation,ride_share_service,2
travel_and_transportation,auto_restoration_service,2
travel_and_transportation,auto_upholstery,2
travel_and_transportation,truck_repair,2
travel_and_transportation,auto_electrical_repair,2
travel_and_transportation,emergency_roadside_service,2
travel_and_transportation,transmission_repair,2
travel_and_transportation,automobile_registration_service,1
travel_and_transportation,airport_terminal,1
travel_and_transportation,airline,1
travel_and_transportation,train,1
travel_and_transportation,historical_tour,1
travel_and_transportation,automotive_consultant,1
travel_and_transportation,wine_tour,1
travel_and_transportation,auto_customization,1
travel_and_transportation,roadside_assistance,1
travel_and_transportation,bus_ticket_agency,1
